GO_ID	term
GO:0009451	RNA modification
GO:0001522	pseudouridine synthesis
GO:0003723	RNA binding
GO:0016866	intramolecular transferase activity
GO:0009982	pseudouridine synthase activity
GO:0015995	chlorophyll biosynthetic process
GO:0055114	oxidation-reduction process
GO:0015979	photosynthesis
GO:0048529	magnesium-protoporphyrin IX monomethyl ester (oxidative) cyclase activity
GO:0046872	metal ion binding
GO:0016491	oxidoreductase activity
GO:0046914	transition metal ion binding
GO:0005506	iron ion binding
GO:0036068	light-independent chlorophyll biosynthetic process
GO:0044237	cellular metabolic process
GO:0008152	metabolic process
GO:0005488	binding
GO:0003824	catalytic activity
GO:0050662	coenzyme binding
GO:0016853	isomerase activity
GO:0042351	'de novo' GDP-L-fucose biosynthetic process
GO:0050577	GDP-L-fucose synthase activity
GO:0070401	NADP+ binding
GO:0019673	GDP-mannose metabolic process
GO:0005622	intracellular
GO:0008446	GDP-mannose 4,6-dehydratase activity
GO:0019684	photosynthesis, light reaction
GO:0009772	photosynthetic electron transport in photosystem II
GO:0030076	light-harvesting complex
GO:0016020	membrane
GO:0030077	plasma membrane light-harvesting complex
GO:0045156	electron transporter, transferring electrons within the cyclic electron transport pathway of photosynthesis activity
GO:0006527	arginine catabolic process
GO:0008295	spermidine biosynthetic process
GO:0008792	arginine decarboxylase activity
GO:0033388	putrescine biosynthetic process from arginine
GO:0006281	DNA repair
GO:0006260	DNA replication
GO:0003677	DNA binding
GO:0003911	DNA ligase (NAD+) activity
GO:0005829	cytosol
GO:0006288	base-excision repair, DNA ligation
GO:0006810	transport
GO:0005215	transporter activity
GO:0005524	ATP binding
GO:0016887	ATPase activity
GO:0017111	nucleoside-triphosphatase activity
GO:0000166	nucleotide binding
GO:0006827	GO:0006827
GO:0005381	iron ion transmembrane transporter activity
GO:0004872	GO:0004872
GO:0045449	GO:0045449
GO:0006355	regulation of transcription, DNA-templated
GO:0043565	sequence-specific DNA binding
GO:0003700	DNA-binding transcription factor activity
GO:0055085	transmembrane transport
GO:0016021	integral component of membrane
GO:0030288	outer membrane-bounded periplasmic space
GO:0015891	siderophore transport
GO:0015343	siderophore transmembrane transporter activity
GO:0008168	methyltransferase activity
GO:0005887	integral component of plasma membrane
GO:0015031	protein transport
GO:0022857	transmembrane transporter activity
GO:0008565	protein transporter activity
GO:0017038	protein import
GO:0042626	ATPase activity, coupled to transmembrane movement of substances
GO:0015421	oligopeptide-transporting ATPase activity
GO:0009654	photosystem II oxygen evolving complex
GO:0030096	plasma membrane-derived thylakoid photosystem II
GO:0006313	transposition, DNA-mediated
GO:0004803	transposase activity
GO:0045226	extracellular polysaccharide biosynthetic process
GO:0008831	dTDP-4-dehydrorhamnose reductase activity
GO:0019538	protein metabolic process
GO:0016671	oxidoreductase activity, acting on a sulfur group of donors, disulfide as acceptor
GO:0005737	cytoplasm
GO:0006464	cellular protein modification process
GO:0008113	peptide-methionine (S)-S-oxide reductase activity
GO:0034599	cellular response to oxidative stress
GO:0036456	L-methionine-(S)-S-oxide reductase activity
GO:0009058	biosynthetic process
GO:0009250	glucan biosynthetic process
GO:0009011	starch synthase activity
GO:0004373	glycogen (starch) synthase activity
GO:0005978	glycogen biosynthetic process
GO:0033201	alpha-1,4-glucan synthase activity
GO:0008080	N-acetyltransferase activity
GO:0016787	hydrolase activity
GO:0003993	acid phosphatase activity
GO:0006508	proteolysis
GO:0004222	metalloendopeptidase activity
GO:0002949	tRNA threonylcarbamoyladenosine modification
GO:0006629	lipid metabolic process
GO:0016788	hydrolase activity, acting on ester bonds
GO:0005576	extracellular region
GO:0005886	plasma membrane
GO:0004190	aspartic-type endopeptidase activity
GO:0006465	signal peptide processing
GO:0032259	methylation
GO:0006139	nucleobase-containing compound metabolic process
GO:0019205	nucleobase-containing compound kinase activity
GO:0004017	adenylate kinase activity
GO:0044209	AMP salvage
GO:0009089	lysine biosynthetic process via diaminopimelate
GO:0008839	4-hydroxy-tetrahydrodipicolinate reductase
GO:0016726	oxidoreductase activity, acting on CH or CH2 groups, NAD or NADP as acceptor
GO:0019877	diaminopimelate biosynthetic process
GO:0050661	NADP binding
GO:0051287	NAD binding
GO:0045454	cell redox homeostasis
GO:0006189	'de novo' IMP biosynthetic process
GO:0004642	phosphoribosylformylglycinamidine synthase activity
GO:0000287	magnesium ion binding
GO:0006753	nucleoside phosphate metabolic process
GO:0019693	ribose phosphate metabolic process
GO:0009306	protein secretion
GO:0015562	efflux transmembrane transporter activity
GO:1990281	efflux pump complex
GO:0006163	purine nucleotide metabolic process
GO:0004385	guanylate kinase activity
GO:0016999	antibiotic metabolic process
GO:0016758	transferase activity, transferring hexosyl groups
GO:0016829	lyase activity
GO:0030089	phycobilisome
GO:0006396	RNA processing
GO:0004540	ribonuclease activity
GO:0004519	endonuclease activity
GO:0006364	rRNA processing
GO:0003676	nucleic acid binding
GO:0004523	RNA-DNA hybrid ribonuclease activity
GO:0006298	mismatch repair
GO:0030145	manganese ion binding
GO:0032299	ribonuclease H2 complex
GO:0043137	DNA replication, removal of RNA primer
GO:0008413	8-oxo-7,8-dihydroguanosine triphosphate pyrophosphatase activity
GO:0006402	mRNA catabolic process
GO:0005739	mitochondrion
GO:0000175	3'-5'-exoribonuclease activity
GO:0004654	polyribonucleotide nucleotidyltransferase activity
GO:0006401	RNA catabolic process
GO:0008236	serine-type peptidase activity
GO:0004252	serine-type endopeptidase activity
GO:0006108	malate metabolic process
GO:0016597	amino acid binding
GO:0004470	malic enzyme activity
GO:0016616	oxidoreductase activity, acting on the CH-OH group of donors, NAD or NADP as acceptor
GO:0006535	cysteine biosynthetic process from serine
GO:0030170	pyridoxal phosphate binding
GO:0016310	phosphorylation
GO:0016114	terpenoid biosynthetic process
GO:0050515	4-(cytidine 5'-diphospho)-2-C-methyl-D-erythritol kinase activity
GO:0016301	kinase activity
GO:0019288	isopentenyl diphosphate biosynthetic process, methylerythritol 4-phosphate pathway
GO:0000154	rRNA modification
GO:0016433	rRNA (adenine) methyltransferase activity
GO:0000179	rRNA (adenine-N6,N6-)-dimethyltransferase activity
GO:0008649	rRNA methyltransferase activity
GO:0031167	rRNA methylation
GO:0052908	16S rRNA (adenine(1518)-N(6)/adenine(1519)-N(6))-dimethyltransferase activity
GO:0007205	protein kinase C-activating G protein-coupled receptor signaling pathway
GO:0004143	diacylglycerol kinase activity
GO:0070042	rRNA (uridine-N3-)-methyltransferase activity
GO:0070475	rRNA base methylation
GO:0050660	flavin adenine dinucleotide binding
GO:0005623	cell
GO:0015074	DNA integration
GO:0006310	DNA recombination
GO:0007049	cell cycle
GO:0007059	chromosome segregation
GO:0051301	cell division
GO:0018106	peptidyl-histidine phosphorylation
GO:0007165	signal transduction
GO:0004673	protein histidine kinase activity
GO:0004871	GO:0004871
GO:0016772	transferase activity, transferring phosphorus-containing groups
GO:0000155	phosphorelay sensor kinase activity
GO:0009635	response to herbicide
GO:0009538	photosystem I reaction center
GO:0030094	plasma membrane-derived photosystem I
GO:0000162	tryptophan biosynthetic process
GO:0004049	anthranilate synthase activity
GO:0016833	oxo-acid-lyase activity
GO:0008299	isoprenoid biosynthetic process
GO:0004197	cysteine-type endopeptidase activity
GO:0071586	CAAX-box protein processing
GO:0031554	regulation of DNA-templated transcription, termination
GO:0005515	protein binding
GO:0030528	GO:0030528
GO:0006413	translational initiation
GO:0005525	GTP binding
GO:0003924	GTPase activity
GO:0003743	translation initiation factor activity
GO:0005975	carbohydrate metabolic process
GO:0005980	glycogen catabolic process
GO:0043169	cation binding
GO:0004133	glycogen debranching enzyme activity
GO:0004553	hydrolase activity, hydrolyzing O-glycosyl compounds
GO:0009236	cobalamin biosynthetic process
GO:0006779	porphyrin-containing compound biosynthetic process
GO:0046026	precorrin-4 C11-methyltransferase activity
GO:0016481	GO:0016481
GO:0016566	GO:0016566
GO:0045892	negative regulation of transcription, DNA-templated
GO:0016209	antioxidant activity
GO:0006950	response to stress
GO:0009523	photosystem II
GO:0042651	thylakoid membrane
GO:0006596	polyamine biosynthetic process
GO:0008783	agmatinase activity
GO:0016813	hydrolase activity, acting on carbon-nitrogen (but not peptide) bonds, in linear amidines
GO:0009446	putrescine biosynthetic process
GO:0006457	protein folding
GO:0003755	peptidyl-prolyl cis-trans isomerase activity
GO:0009579	thylakoid
GO:0009522	photosystem I
GO:0015437	lipopolysaccharide-transporting ATPase activity
GO:0043190	ATP-binding cassette (ABC) transporter complex
GO:0016994	precorrin-6A reductase activity
GO:0009434	GO:0009434
GO:0042773	ATP synthesis coupled electron transport
GO:0008137	NADH dehydrogenase (ubiquinone) activity
GO:0048038	quinone binding
GO:0017004	cytochrome complex assembly
GO:0009512	cytochrome b6f complex
GO:0045158	electron transporter, transferring electrons within cytochrome b6/f complex of photosystem II activity
GO:0016051	carbohydrate biosynthetic process
GO:0004360	glutamine-fructose-6-phosphate transaminase (isomerizing) activity
GO:0005529	GO:0005529
GO:0006002	fructose 6-phosphate metabolic process
GO:0006047	UDP-N-acetylglucosamine metabolic process
GO:0006487	protein N-linked glycosylation
GO:0006541	glutamine metabolic process
GO:0097367	carbohydrate derivative binding
GO:0010181	FMN binding
GO:0009055	electron transfer activity
GO:0015986	ATP synthesis coupled proton transport
GO:0045261	proton-transporting ATP synthase complex, catalytic core F(1)
GO:0046933	proton-transporting ATP synthase activity, rotational mechanism
GO:0046961	proton-transporting ATPase activity, rotational mechanism
GO:0000275	mitochondrial proton-transporting ATP synthase complex, catalytic core F(1)
GO:0006754	ATP biosynthetic process
GO:0009535	chloroplast thylakoid membrane
GO:0045260	plasma membrane proton-transporting ATP synthase complex
GO:0046034	ATP metabolic process
GO:0015992	GO:0015992
GO:0016469	proton-transporting two-sector ATPase complex
GO:0033178	proton-transporting two-sector ATPase complex, catalytic domain
GO:0016820	GO:0016820
GO:0045263	proton-transporting ATP synthase complex, coupling factor F(o)
GO:0015078	proton transmembrane transporter activity
GO:0033177	proton-transporting two-sector ATPase complex, proton-transporting domain
GO:0008289	lipid binding
GO:0006811	ion transport
GO:0000156	phosphorelay response regulator activity
GO:0007234	osmosensory signaling via phosphorelay pathway
GO:0030295	protein kinase activator activity
GO:0016226	iron-sulfur cluster assembly
GO:0051536	iron-sulfur cluster binding
GO:0005198	structural molecule activity
GO:0042802	identical protein binding
GO:0051537	2 iron, 2 sulfur cluster binding
GO:0097428	protein maturation by iron-sulfur cluster transfer
GO:0008381	mechanosensitive ion channel activity
GO:0071470	cellular response to osmotic stress
GO:0009396	folic acid-containing compound biosynthetic process
GO:0003848	2-amino-4-hydroxy-6-hydroxymethyldihydropteridine diphosphokinase activity
GO:0046654	tetrahydrofolate biosynthetic process
GO:0046656	folic acid biosynthetic process
GO:0004148	dihydrolipoyl dehydrogenase activity
GO:0006096	glycolytic process
GO:0016831	carboxy-lyase activity
GO:0009108	coenzyme biosynthetic process
GO:0106141	flavin prenyltransferase activity
GO:0006412	translation
GO:1990904	ribonucleoprotein complex
GO:0009116	nucleoside metabolic process
GO:0006223	uracil salvage
GO:0004845	uracil phosphoribosyltransferase activity
GO:0044206	UMP salvage
GO:0004722	protein serine/threonine phosphatase activity
GO:0004724	magnesium-dependent protein serine/threonine phosphatase activity
GO:0016740	transferase activity
GO:0015977	carbon fixation
GO:0016984	ribulose-bisphosphate carboxylase activity
GO:0006537	glutamate biosynthetic process
GO:0016639	oxidoreductase activity, acting on the CH-NH2 group of donors, NAD or NADP as acceptor
GO:0008272	sulfate transport
GO:0008271	secondary active sulfate transmembrane transporter activity
GO:0015301	anion:anion antiporter activity
GO:0016851	magnesium chelatase activity
GO:0006520	cellular amino acid metabolic process
GO:0000286	alanine dehydrogenase activity
GO:0006524	alanine catabolic process
GO:0042853	L-alanine catabolic process
GO:0008615	pyridoxine biosynthetic process
GO:0033856	pyridoxine 5'-phosphate synthase activity
GO:0033743	peptide-methionine (R)-S-oxide reductase activity
GO:0000160	phosphorelay signal transduction system
GO:0001882	nucleoside binding
GO:0004134	4-alpha-glucanotransferase activity
GO:0102500	beta-maltose 4-alpha-glucanotransferase activity
GO:0004462	lactoylglutathione lyase activity
GO:0009228	thiamine biosynthetic process
GO:0009030	thiamine-phosphate kinase activity
GO:0009229	thiamine diphosphate biosynthetic process
GO:0043709	cell adhesion involved in single-species biofilm formation
GO:0052621	diguanylate cyclase activity
GO:1902201	negative regulation of bacterial-type flagellum-dependent cell motility
GO:0019344	cysteine biosynthetic process
GO:0019379	sulfate assimilation, phosphoadenylyl sulfate reduction by phosphoadenylyl-sulfate reductase (thioredoxin)
GO:0004604	phosphoadenylyl-sulfate reductase (thioredoxin) activity
GO:0070814	hydrogen sulfide biosynthetic process
GO:0004765	shikimate kinase activity
GO:0009073	aromatic amino acid family biosynthetic process
GO:0009423	chorismate biosynthetic process
GO:0019632	shikimate metabolic process
GO:0006098	pentose-phosphate shunt
GO:0004801	sedoheptulose-7-phosphate:D-glyceraldehyde-3-phosphate glyceronetransferase activity
GO:0005509	calcium ion binding
GO:0031072	heat shock protein binding
GO:0009094	L-phenylalanine biosynthetic process
GO:0004664	prephenate dehydratase activity
GO:0051188	cofactor biosynthetic process
GO:0051539	4 iron, 4 sulfur cluster binding
GO:0016765	transferase activity, transferring alkyl or aryl (other than methyl) groups
GO:0044689	7,8-didemethyl-8-hydroxy-5-deazariboflavin synthase activity
GO:0004077	biotin-[acetyl-CoA-carboxylase] ligase activity
GO:0042372	phylloquinone biosynthetic process
GO:0052624	2-phytyl-1,4-naphthoquinone methyltransferase activity
GO:0006099	tricarboxylic acid cycle
GO:0004450	isocitrate dehydrogenase (NADP+) activity
GO:0006097	glyoxylate cycle
GO:0009060	aerobic respiration
GO:0015990	electron transport coupled proton transport
GO:0045272	plasma membrane respiratory chain complex I
GO:0048039	ubiquinone binding
GO:0055072	iron ion homeostasis
GO:0008033	tRNA processing
GO:0009019	tRNA (guanine-N1-)-methyltransferase activity
GO:0002939	tRNA N1-guanine methylation
GO:0052906	tRNA (guanine(37)-N(1))-methyltransferase activity
GO:0005945	6-phosphofructokinase complex
GO:0003872	6-phosphofructokinase activity
GO:0008443	phosphofructokinase activity
GO:0006007	glucose catabolic process
GO:0016208	AMP binding
GO:0030388	fructose 1,6-bisphosphate metabolic process
GO:0047334	diphosphate-fructose-6-phosphate 1-phosphotransferase activity
GO:0048029	monosaccharide binding
GO:0051289	protein homotetramerization
GO:0061621	canonical glycolysis
GO:0070095	fructose-6-phosphate binding
GO:0042549	photosystem II stabilization
GO:0019898	extrinsic component of membrane
GO:0000271	polysaccharide biosynthetic process
GO:0003979	UDP-glucose 6-dehydrogenase activity
GO:0006744	ubiquinone biosynthetic process
GO:0004497	monooxygenase activity
GO:0016709	oxidoreductase activity, acting on paired donors, with incorporation or reduction of molecular oxygen, NAD(P)H as one donor, and incorporation of one atom of oxygen
GO:0071949	FAD binding
GO:1903424	fluoride transmembrane transport
GO:1903425	fluoride transmembrane transporter activity
GO:0042158	lipoprotein biosynthetic process
GO:0009249	protein lipoylation
GO:0016757	transferase activity, transferring glycosyl groups
GO:0008961	phosphatidylglycerol-prolipoprotein diacylglyceryl transferase activity
GO:0004109	coproporphyrinogen oxidase activity
GO:0006782	protoporphyrinogen IX biosynthetic process
GO:0042803	protein homodimerization activity
GO:0006788	heme oxidation
GO:0004392	heme oxygenase (decyclizing) activity
GO:0006979	response to oxidative stress
GO:0020037	heme binding
GO:0042167	heme catabolic process
GO:0005840	ribosome
GO:0003735	structural constituent of ribosome
GO:0050311	sulfite reductase (ferredoxin) activity
GO:0016002	sulfite reductase activity
GO:0033573	high-affinity iron permease complex
GO:0034755	iron ion transmembrane transport
GO:0008408	3'-5' exonuclease activity
GO:0003887	DNA-directed DNA polymerase activity
GO:0006271	DNA strand elongation involved in DNA replication
GO:0009360	DNA polymerase III complex
GO:0006568	tryptophan metabolic process
GO:0004834	tryptophan synthase activity
GO:0009507	chloroplast
GO:0016769	transferase activity, transferring nitrogenous groups
GO:0016832	aldehyde-lyase activity
GO:0019843	rRNA binding
GO:0022627	cytosolic small ribosomal subunit
GO:0018298	protein-chromophore linkage
GO:0006730	one-carbon metabolic process
GO:0004478	methionine adenosyltransferase activity
GO:0006556	S-adenosylmethionine biosynthetic process
GO:0017150	tRNA dihydrouridine synthase activity
GO:0000049	tRNA binding
GO:0102264	tRNA-dihydrouridine20 synthase activity
GO:0032790	ribosome disassembly
GO:0043022	ribosome binding
GO:0009103	lipopolysaccharide biosynthetic process
GO:0015920	lipopolysaccharide transport
GO:0016779	nucleotidyltransferase activity
GO:0008830	dTDP-4-dehydrorhamnose 3,5-epimerase activity
GO:0009432	SOS response
GO:0018169	ribosomal S6-glutamic acid ligase activity
GO:0018410	C-terminal protein amino acid modification
GO:0006567	threonine catabolic process
GO:0008743	L-threonine 3-dehydrogenase activity
GO:0006012	galactose metabolic process
GO:0003978	UDP-glucose 4-epimerase activity
GO:0042254	ribosome biogenesis
GO:0004416	hydroxyacylglutathione hydrolase activity
GO:0008270	zinc ion binding
GO:0019243	methylglyoxal catabolic process to D-lactate via S-lactoyl-glutathione
GO:0008519	ammonium transmembrane transporter activity
GO:0009927	histidine phosphotransfer kinase activity
GO:0046777	protein autophosphorylation
GO:0007154	cell communication
GO:0009166	nucleotide catabolic process
GO:0008253	5'-nucleotidase activity
GO:0008768	UDP-sugar diphosphatase activity
GO:0000103	sulfate assimilation
GO:0000096	sulfur amino acid metabolic process
GO:0004020	adenylylsulfate kinase activity
GO:0004781	sulfate adenylyltransferase (ATP) activity
GO:0010134	sulfate assimilation via adenylyl sulfate reduction
GO:0009383	rRNA (cytosine-C5-)-methyltransferase activity
GO:0005262	calcium channel activity
GO:0006874	cellular calcium ion homeostasis
GO:0008273	calcium, potassium:sodium antiporter activity
GO:0070588	calcium ion transmembrane transport
GO:0000105	histidine biosynthetic process
GO:0004399	histidinol dehydrogenase activity
GO:0000976	transcription regulatory region sequence-specific DNA binding
GO:0001216	bacterial-type RNA polymerase transcriptional activator activity, sequence-specific DNA binding
GO:0032993	protein-DNA complex
GO:0008963	phospho-N-acetylmuramoyl-pentapeptide-transferase activity
GO:0009190	cyclic nucleotide biosynthetic process
GO:0007242	GO:0007242
GO:0016849	phosphorus-oxygen lyase activity
GO:0016151	nickel cation binding
GO:0006807	nitrogen compound metabolic process
GO:0007600	sensory perception
GO:0008020	G protein-coupled photoreceptor activity
GO:0006813	potassium ion transport
GO:0006814	sodium ion transport
GO:0008324	cation transmembrane transporter activity
GO:0004789	thiamine-phosphate diphosphorylase activity
GO:0003955	NAD(P)H dehydrogenase (quinone) activity
GO:0019646	aerobic electron transport chain
GO:0006812	cation transport
GO:0015299	solute:proton antiporter activity
GO:0006461	GO:0006461
GO:0008535	respiratory chain complex IV assembly
GO:0015886	heme transport
GO:0009107	lipoate biosynthetic process
GO:0016992	lipoate synthase activity
GO:0006633	fatty acid biosynthetic process
GO:0005783	endoplasmic reticulum
GO:0008610	lipid biosynthetic process
GO:0009245	lipid A biosynthetic process
GO:0008759	UDP-3-O-[3-hydroxymyristoyl] N-acetylglucosamine deacetylase activity
GO:0103117	UDP-3-O-acyl-N-acetylglucosamine deacetylase activity
GO:0030163	protein catabolic process
GO:0004176	ATP-dependent peptidase activity
GO:0009941	chloroplast envelope
GO:0010027	thylakoid membrane organization
GO:0010205	photoinhibition
GO:0010206	photosystem II repair
GO:0010304	PSII associated light-harvesting complex II catabolic process
GO:0006278	RNA-dependent DNA biosynthetic process
GO:0003964	RNA-directed DNA polymerase activity
GO:0015930	glutamate synthase activity
GO:0016041	glutamate synthase (ferredoxin) activity
GO:0019676	ammonia assimilation cycle
GO:0051538	3 iron, 4 sulfur cluster binding
GO:0097054	L-glutamate biosynthetic process
GO:0042242	cobyrinic acid a,c-diamide synthase activity
GO:0043775	cobyrinate a,c-diamide synthase activity
GO:0008939	nicotinate-nucleotide-dimethylbenzimidazole phosphoribosyltransferase activity
GO:0016874	ligase activity
GO:0006935	chemotaxis
GO:0008320	protein transmembrane transporter activity
GO:0033281	TAT protein transport complex
GO:0043953	protein transport by the Tat complex
GO:0006259	DNA metabolic process
GO:0004527	exonuclease activity
GO:0015934	large ribosomal subunit
GO:0006493	protein O-linked glycosylation
GO:0000030	mannosyltransferase activity
GO:0004318	enoyl-[acyl-carrier-protein] reductase (NADH) activity
GO:0016631	enoyl-[acyl-carrier-protein] reductase activity
GO:0030497	fatty acid elongation
GO:0046168	glycerol-3-phosphate catabolic process
GO:0006072	glycerol-3-phosphate metabolic process
GO:0009331	glycerol-3-phosphate dehydrogenase complex
GO:0004367	glycerol-3-phosphate dehydrogenase [NAD+] activity
GO:0016614	oxidoreductase activity, acting on CH-OH group of donors
GO:0006650	glycerophospholipid metabolic process
GO:0008654	phospholipid biosynthetic process
GO:0046167	glycerol-3-phosphate biosynthetic process
GO:0047952	glycerol-3-phosphate dehydrogenase [NAD(P)+] activity
GO:0016747	transferase activity, transferring acyl groups other than amino-acyl groups
GO:0006542	glutamine biosynthetic process
GO:0009399	nitrogen fixation
GO:0004356	glutamate-ammonia ligase activity
GO:0019740	nitrogen utilization
GO:0030272	5-formyltetrahydrofolate cyclo-ligase activity
GO:0035999	tetrahydrofolate interconversion
GO:0008967	phosphoglycolate phosphatase activity
GO:0016311	dephosphorylation
GO:0019752	carboxylic acid metabolic process
GO:0006536	glutamate metabolic process
GO:0004351	glutamate decarboxylase activity
GO:0016810	hydrolase activity, acting on carbon-nitrogen (but not peptide) bonds
GO:0008239	dipeptidyl-peptidase activity
GO:0006231	dTMP biosynthetic process
GO:0050797	thymidylate synthase (FAD) activity
GO:0004799	thymidylate synthase activity
GO:0006235	dTTP biosynthetic process
GO:0070402	NADPH binding
GO:0009539	photosystem II reaction center
GO:0008415	GO:0008415
GO:0003841	1-acylglycerol-3-phosphate O-acyltransferase activity
GO:0006654	phosphatidic acid biosynthetic process
GO:0015035	protein disulfide oxidoreductase activity
GO:0019627	urea metabolic process
GO:0009039	urease activity
GO:0043419	urea catabolic process
GO:0008661	1-deoxy-D-xylulose-5-phosphate synthase activity
GO:0030976	thiamine pyrophosphate binding
GO:0052865	1-deoxy-D-xylulose 5-phosphate biosynthetic process
GO:0043448	alkane catabolic process
GO:0009767	photosynthetic electron transport chain
GO:0009536	plastid
GO:0008652	cellular amino acid biosynthetic process
GO:0006561	proline biosynthetic process
GO:0004349	glutamate 5-kinase activity
GO:0055129	L-proline biosynthetic process
GO:0006265	DNA topological change
GO:0005694	chromosome
GO:0003918	DNA topoisomerase type II (ATP-hydrolyzing) activity
GO:0003916	DNA topoisomerase activity
GO:0009330	DNA topoisomerase complex (ATP-hydrolyzing)
GO:0008233	peptidase activity
GO:0030001	metal ion transport
GO:0010043	response to zinc ion
GO:0007156	homophilic cell adhesion via plasma membrane adhesion molecules
GO:0051082	unfolded protein binding
GO:0051085	chaperone cofactor-dependent protein refolding
GO:0051087	chaperone binding
GO:0006986	response to unfolded protein
GO:0034605	cellular response to heat
GO:0034620	cellular response to unfolded protein
GO:0042026	protein refolding
GO:0042623	ATPase activity, coupled
GO:0044183	protein binding involved in protein folding
GO:0051787	misfolded protein binding
GO:0006563	L-serine metabolic process
GO:0006544	glycine metabolic process
GO:0004372	glycine hydroxymethyltransferase activity
GO:0006565	L-serine catabolic process
GO:0019264	glycine biosynthetic process from serine
GO:0046653	tetrahydrofolate metabolic process
GO:0046655	folic acid metabolic process
GO:0050897	cobalt ion binding
GO:0070905	serine binding
GO:1904482	cellular response to tetrahydrofolate
GO:0008643	carbohydrate transport
GO:0015288	porin activity
GO:0009253	peptidoglycan catabolic process
GO:0008745	N-acetylmuramoyl-L-alanine amidase activity
GO:0045152	antisigma factor binding
GO:0043856	anti-sigma factor antagonist activity
GO:0009273	peptidoglycan-based cell wall biogenesis
GO:0008658	penicillin binding
GO:0006468	protein phosphorylation
GO:0004672	protein kinase activity
GO:0006400	tRNA modification
GO:0005575	cellular_component
GO:0035596	methylthiotransferase activity
GO:0035600	tRNA methylthiolation
GO:0006525	arginine metabolic process
GO:0008483	transaminase activity
GO:0003992	N2-acetyl-L-ornithine:2-oxoglutarate 5-aminotransferase activity
GO:0006526	arginine biosynthetic process
GO:0016023	GO:0016023
GO:0018738	S-formylglutathione hydrolase activity
GO:0004091	GO:0004091
GO:0046294	formaldehyde catabolic process
GO:0052689	carboxylic ester hydrolase activity
GO:0006069	ethanol oxidation
GO:0051903	S-(hydroxymethyl)glutathione dehydrogenase activity
GO:0004024	alcohol dehydrogenase activity, zinc-dependent
GO:0007155	cell adhesion
GO:0008305	integrin complex
GO:0006418	tRNA aminoacylation for protein translation
GO:0006437	tyrosyl-tRNA aminoacylation
GO:0004812	aminoacyl-tRNA ligase activity
GO:0004831	tyrosine-tRNA ligase activity
GO:0043039	tRNA aminoacylation
GO:0003697	single-stranded DNA binding
GO:0051096	positive regulation of helicase activity
GO:0051171	regulation of nitrogen compound metabolic process
GO:0008176	tRNA (guanine-N7-)-methyltransferase activity
GO:0030488	tRNA methylation
GO:0036265	RNA (guanine-N7)-methylation
GO:0006082	organic acid metabolic process
GO:0016774	phosphotransferase activity, carboxyl group as acceptor
GO:0006085	acetyl-CoA biosynthetic process
GO:0008776	acetate kinase activity
GO:0070191	methionine-R-sulfoxide reductase activity
GO:0010277	chlorophyllide a oxygenase [overall] activity
GO:0000178	exosome (RNase complex)
GO:0015684	ferrous iron transport
GO:0015093	ferrous iron transmembrane transporter activity
GO:0016841	ammonia-lyase activity
GO:0030435	sporulation resulting in formation of a cellular spore
GO:0008026	ATP-dependent helicase activity
GO:0015774	polysaccharide transport
GO:0015159	polysaccharide transmembrane transporter activity
GO:0006434	seryl-tRNA aminoacylation
GO:0004828	serine-tRNA ligase activity
GO:0016260	selenocysteine biosynthetic process
GO:0097056	selenocysteinyl-tRNA(Sec) biosynthetic process
GO:0015797	mannitol transport
GO:0016811	hydrolase activity, acting on carbon-nitrogen (but not peptide) bonds, in linear amides
GO:0019807	aspartoacylase activity
GO:0009813	flavonoid biosynthetic process
GO:0045552	dihydrokaempferol 4-reductase activity
GO:0005507	copper ion binding
GO:0016539	intein-mediated protein splicing
GO:0009252	peptidoglycan biosynthetic process
GO:0046677	response to antibiotic
GO:0009274	peptidoglycan-based cell wall
GO:0016763	transferase activity, transferring pentosyl groups
GO:0015833	peptide transport
GO:0016651	oxidoreductase activity, acting on NAD(P)H
GO:0015672	monovalent inorganic cation transport
GO:0005451	monovalent cation:proton antiporter activity
GO:0006825	copper ion transport
GO:0015662	ATPase activity, coupled to transmembrane movement of ions, phosphorylative mechanism
GO:0004008	copper-exporting ATPase activity
GO:0046873	metal ion transmembrane transporter activity
GO:0015677	copper ion import
GO:0043682	copper-transporting ATPase activity
GO:0004314	[acyl-carrier-protein] S-malonyltransferase activity
GO:0009435	NAD biosynthetic process
GO:0000309	nicotinamide-nucleotide adenylyltransferase activity
GO:0004515	nicotinate-nucleotide adenylyltransferase activity
GO:0004156	dihydropteroate synthase activity
GO:0004518	nuclease activity
GO:0004721	phosphoprotein phosphatase activity
GO:0016791	phosphatase activity
GO:0042450	arginine biosynthetic process via ornithine
GO:0004056	argininosuccinate lyase activity
GO:0022900	electron transport chain
GO:0022904	respiratory electron transport chain
GO:0004129	cytochrome-c oxidase activity
GO:0070469	respiratory chain
GO:0006119	oxidative phosphorylation
GO:0006123	mitochondrial electron transport, cytochrome c to oxygen
GO:0015453	oxidoreduction-driven active transmembrane transporter activity
GO:0006662	glycerol ether metabolic process
GO:0047134	protein-disulfide reductase activity
GO:0015414	ATPase-coupled nitrate transmembrane transporter activity
GO:0042128	nitrate assimilation
GO:0006790	sulfur compound metabolic process
GO:0051604	protein maturation
GO:0033389	putrescine biosynthetic process from arginine, using agmatinase
GO:0006429	leucyl-tRNA aminoacylation
GO:0004823	leucine-tRNA ligase activity
GO:0002161	aminoacyl-tRNA editing activity
GO:0015813	L-glutamate transmembrane transport
GO:0015501	glutamate:sodium symporter activity
GO:0004802	transketolase activity
GO:0004315	3-oxoacyl-[acyl-carrier-protein] synthase activity
GO:0033817	beta-ketoacyl-acyl-carrier-protein synthase II activity
GO:0000036	acyl carrier activity
GO:0048037	cofactor binding
GO:0031177	phosphopantetheine binding
GO:0000035	acyl binding
GO:0006879	cellular iron ion homeostasis
GO:0006826	iron ion transport
GO:0008199	ferric iron binding
GO:0008097	5S rRNA binding
GO:0022625	cytosolic large ribosomal subunit
GO:0006164	purine nucleotide biosynthetic process
GO:0004019	adenylosuccinate synthase activity
GO:0044208	'de novo' AMP biosynthetic process
GO:0046040	IMP metabolic process
GO:0003729	mRNA binding
GO:0017148	negative regulation of translation
GO:0031119	tRNA pseudouridine synthesis
GO:0106029	tRNA pseudouridine synthase activity
GO:0006350	GO:0006350
GO:0006351	transcription, DNA-templated
GO:0003899	DNA-directed 5'-3' RNA polymerase activity
GO:0046983	protein dimerization activity
GO:0000028	ribosomal small subunit assembly
GO:0000462	maturation of SSU-rRNA from tricistronic rRNA transcript (SSU-rRNA, 5.8S rRNA, LSU-rRNA)
GO:0048027	mRNA 5'-UTR binding
GO:0070181	small ribosomal subunit rRNA binding
GO:0019201	GO:0019201
GO:0016776	phosphotransferase activity, phosphate group as acceptor
GO:0015450	P-P-bond-hydrolysis-driven protein transmembrane transporter activity
GO:0005048	signal sequence binding
GO:0006616	SRP-dependent cotranslational protein targeting to membrane, translocation
GO:0031522	cell envelope Sec protein transport complex
GO:0043952	protein transport by the Sec complex
GO:0015935	small ribosomal subunit
GO:0002181	cytoplasmic translation
GO:0000027	ribosomal large subunit assembly
GO:0005762	mitochondrial large ribosomal subunit
GO:0070180	large ribosomal subunit rRNA binding
GO:0042255	ribosome assembly
GO:0016722	oxidoreductase activity, oxidizing metal ions
GO:0008198	ferrous iron binding
GO:0009773	photosynthetic electron transport in photosystem I
GO:0031977	thylakoid lumen
GO:0003991	acetylglutamate kinase activity
GO:0034618	arginine binding
GO:0032549	ribonucleoside binding
GO:0016888	endodeoxyribonuclease activity, producing 5'-phosphomonoesters
GO:0019478	D-amino acid catabolic process
GO:0051499	D-aminoacyl-tRNA deacylase activity
GO:0004003	ATP-dependent DNA helicase activity
GO:0000725	recombinational repair
GO:0003678	DNA helicase activity
GO:0051276	chromosome organization
GO:0007062	sister chromatid cohesion
GO:0030261	chromosome condensation
GO:0009294	DNA mediated transformation
GO:0051920	peroxiredoxin activity
GO:0030983	mismatched DNA binding
GO:0032300	mismatch repair complex
GO:0009279	cell outer membrane
GO:0003855	3-dehydroquinate dehydratase activity
GO:0008173	RNA methyltransferase activity
GO:0070041	rRNA (uridine-C5-)-methyltransferase activity
GO:0009097	isoleucine biosynthetic process
GO:0004794	L-threonine ammonia-lyase activity
GO:0000917	division septum assembly
GO:0043093	FtsZ-dependent cytokinesis
GO:0005976	polysaccharide metabolic process
GO:0044267	cellular protein metabolic process
GO:0006458	'de novo' protein folding
GO:1990220	GroEL-GroES complex
GO:0004107	chorismate synthase activity
GO:0006417	regulation of translation
GO:0032968	positive regulation of transcription elongation from RNA polymerase II promoter
GO:0003711	transcription elongation regulator activity
GO:0006353	DNA-templated transcription, termination
GO:0006354	DNA-templated transcription, elongation
GO:0031564	transcription antitermination
GO:0032784	regulation of DNA-templated transcription, elongation
GO:0006886	intracellular protein transport
GO:0006605	protein targeting
GO:0065002	intracellular protein transmembrane transport
GO:0042619	poly-hydroxybutyrate biosynthetic process
GO:0016746	transferase activity, transferring acyl groups
GO:0016168	chlorophyll binding
GO:0030259	lipid glycosylation
GO:0030246	carbohydrate binding
GO:0031388	organic acid phosphorylation
GO:0008887	glycerate kinase activity
GO:0004124	cysteine synthase activity
GO:0080146	L-cysteine desulfhydrase activity
GO:0006006	glucose metabolic process
GO:0004345	glucose-6-phosphate dehydrogenase activity
GO:0006289	nucleotide-excision repair
GO:0009380	excinuclease repair complex
GO:0009381	excinuclease ABC activity
GO:0004386	helicase activity
GO:0009378	four-way junction helicase activity
GO:0030894	replisome
GO:0032508	DNA duplex unwinding
GO:0043590	bacterial nucleoid
GO:0046140	corrin biosynthetic process
GO:0019388	galactose catabolic process
GO:0033499	galactose catabolic process via UDP-galactose
GO:0008685	2-C-methyl-D-erythritol 2,4-cyclodiphosphate synthase activity
GO:0006855	drug transmembrane transport
GO:0015297	antiporter activity
GO:0015238	drug transmembrane transporter activity
GO:0042910	xenobiotic transmembrane transporter activity
GO:0006352	DNA-templated transcription, initiation
GO:0016987	sigma factor activity
GO:0042586	peptide deformylase activity
GO:0031365	N-terminal protein amino acid modification
GO:0043686	co-translational protein modification
GO:0006430	lysyl-tRNA aminoacylation
GO:0004824	lysine-tRNA ligase activity
GO:0030151	molybdenum ion binding
GO:0019333	denitrification pathway
GO:0043546	molybdopterin cofactor binding
GO:0015706	nitrate transport
GO:0015112	nitrate transmembrane transporter activity
GO:0016998	cell wall macromolecule catabolic process
GO:0006032	chitin catabolic process
GO:0042742	defense response to bacterium
GO:0050832	defense response to fungus
GO:0004568	chitinase activity
GO:0051258	protein polymerization
GO:0043234	GO:0043234
GO:0032153	cell division site
GO:0032506	cytokinetic process
GO:0071424	rRNA (cytosine-N4-)-methyltransferase activity
GO:0018307	enzyme active site formation
GO:0006268	DNA unwinding involved in DNA replication
GO:0004674	protein serine/threonine kinase activity
GO:0004639	phosphoribosylaminoimidazolesuccinocarboxamide synthase activity
GO:0019867	outer membrane
GO:0006415	translational termination
GO:0016149	translation release factor activity, codon specific
GO:0006449	regulation of translational termination
GO:0016150	translation release factor activity, codon nonspecific
GO:0015116	sulfate transmembrane transporter activity
GO:0016627	oxidoreductase activity, acting on the CH-CH group of donors
GO:0004362	glutathione-disulfide reductase activity
GO:0006750	glutathione biosynthetic process
GO:0004363	glutathione synthase activity
GO:0009234	menaquinone biosynthetic process
GO:0008935	1,4-dihydroxy-2-naphthoyl-CoA synthase activity
GO:0008750	NAD(P)+ transhydrogenase (AB-specific) activity
GO:0008746	NAD(P)+ transhydrogenase activity
GO:0006428	isoleucyl-tRNA aminoacylation
GO:0004822	isoleucine-tRNA ligase activity
GO:0032543	mitochondrial translation
GO:0045735	nutrient reservoir activity
GO:0033609	oxalate metabolic process
GO:0004645	phosphorylase activity
GO:0008184	glycogen phosphorylase activity
GO:0102250	linear malto-oligosaccharide phosphorylase activity
GO:0102499	SHG alpha-glucan phosphorylase activity
GO:0008409	5'-3' exonuclease activity
GO:0008616	queuosine biosynthetic process
GO:0052693	epoxyqueuosine reductase activity
GO:0009231	riboflavin biosynthetic process
GO:0009349	riboflavin synthase complex
GO:0000906	6,7-dimethyl-8-ribityllumazine synthase activity
GO:0000731	DNA synthesis involved in DNA repair
GO:0006302	double-strand break repair
GO:0030955	potassium ion binding
GO:0004743	pyruvate kinase activity
GO:0009102	biotin biosynthetic process
GO:0051186	cofactor metabolic process
GO:0004076	biotin synthase activity
GO:0008276	protein methyltransferase activity
GO:0004605	phosphatidate cytidylyltransferase activity
GO:0016024	CDP-diacylglycerol biosynthetic process
GO:0005216	ion channel activity
GO:0009992	cellular water homeostasis
GO:0009379	Holliday junction helicase complex
GO:0070221	sulfide oxidation, using sulfide:quinone oxidoreductase
GO:0070224	sulfide:quinone oxidoreductase activity
GO:0005634	nucleus
GO:0016884	carbon-nitrogen ligase activity, with glutamine as amido-N-donor
GO:0004040	amidase activity
GO:0030956	glutamyl-tRNA(Gln) amidotransferase complex
GO:0050567	glutaminyl-tRNA synthase (glutamine-hydrolyzing) activity
GO:0006546	glycine catabolic process
GO:0005960	glycine cleavage complex
GO:0019464	glycine decarboxylation via glycine cleavage system
GO:0004365	glyceraldehyde-3-phosphate dehydrogenase (NAD+) (phosphorylating) activity
GO:0008943	GO:0008943
GO:0008914	leucyltransferase activity
GO:0004032	alditol:NADP+ 1-oxidoreductase activity
GO:0008106	alcohol dehydrogenase (NADP+) activity
GO:0004316	3-oxoacyl-[acyl-carrier-protein] reductase (NADPH) activity
GO:0102131	3-oxo-glutaryl-[acp] methyl ester reductase activity
GO:0102132	3-oxo-pimeloyl-[acp] methyl ester reductase activity
GO:0004084	branched-chain-amino-acid transaminase activity
GO:0006974	cellular response to DNA damage stimulus
GO:0046348	amino sugar catabolic process
GO:0016835	carbon-oxygen lyase activity
GO:0009254	peptidoglycan turnover
GO:0016803	ether hydrolase activity
GO:0097173	N-acetylmuramic acid catabolic process
GO:0031361	integral component of thylakoid membrane
GO:0016679	oxidoreductase activity, acting on diphenols and related substances as donors
GO:0009496	plastoquinol--plastocyanin reductase activity
GO:0008121	ubiquinol-cytochrome-c reductase activity
GO:0050821	protein stabilization
GO:0042301	phosphate ion binding
GO:0017000	antibiotic biosynthetic process
GO:0006013	mannose metabolic process
GO:0004476	mannose-6-phosphate isomerase activity
GO:0004888	transmembrane signaling receptor activity
GO:0004048	anthranilate phosphoribosyltransferase activity
GO:0009264	deoxyribonucleotide catabolic process
GO:0004139	deoxyribose-phosphate aldolase activity
GO:0016052	carbohydrate catabolic process
GO:0046386	deoxyribose phosphate catabolic process
GO:0006680	glucosylceramide catabolic process
GO:0004348	glucosylceramidase activity
GO:0008422	beta-glucosidase activity
GO:0043231	intracellular membrane-bounded organelle
GO:0045005	DNA-dependent DNA replication maintenance of fidelity
GO:0003684	damaged DNA binding
GO:0008094	DNA-dependent ATPase activity
GO:0045910	negative regulation of DNA recombination
GO:0046467	membrane lipid biosynthetic process
GO:1901031	regulation of response to reactive oxygen species
GO:0005618	cell wall
GO:0008716	D-alanine-D-alanine ligase activity
GO:0008360	regulation of cell shape
GO:0071555	cell wall organization
GO:0008047	enzyme activator activity
GO:0004175	endopeptidase activity
GO:0016485	protein processing
GO:0008757	S-adenosylmethionine-dependent methyltransferase activity
GO:0006566	threonine metabolic process
GO:0004413	homoserine kinase activity
GO:0009088	threonine biosynthetic process
GO:0016868	intramolecular transferase activity, phosphotransferases
GO:0008966	phosphoglucosamine mutase activity
GO:0004615	phosphomannomutase activity
GO:0006048	UDP-N-acetylglucosamine biosynthetic process
GO:0003919	FMN adenylyltransferase activity
GO:0008531	riboflavin kinase activity
GO:0006747	FAD biosynthetic process
GO:0009398	FMN biosynthetic process
GO:0006436	tryptophanyl-tRNA aminoacylation
GO:0004830	tryptophan-tRNA ligase activity
GO:0033014	tetrapyrrole biosynthetic process
GO:0004418	hydroxymethylbilane synthase activity
GO:0006783	heme biosynthetic process
GO:0018160	peptidyl-pyrromethane cofactor linkage
GO:0006084	acetyl-CoA metabolic process
GO:0003986	acetyl-CoA hydrolase activity
GO:0006083	acetate metabolic process
GO:0008775	acetate CoA-transferase activity
GO:0019679	propionate metabolic process, methylcitrate cycle
GO:0016407	acetyltransferase activity
GO:0008959	phosphate acetyltransferase activity
GO:0016840	carbon-nitrogen lyase activity
GO:1904047	S-adenosyl-L-methionine binding
GO:0008764	UDP-N-acetylmuramoylalanine-D-glutamate ligase activity
GO:0046429	4-hydroxy-3-methylbut-2-en-1-yl diphosphate synthase activity
GO:0006555	methionine metabolic process
GO:0004489	methylenetetrahydrofolate reductase (NAD(P)H) activity
GO:0008705	methionine synthase activity
GO:0006306	DNA methylation
GO:0009007	site-specific DNA-methyltransferase (adenine-specific) activity
GO:0008883	glutamyl-tRNA reductase activity
GO:0004764	shikimate 3-dehydrogenase (NADP+) activity
GO:1904680	peptide transmembrane transporter activity
GO:0015628	protein secretion by the type II secretion system
GO:0015627	type II protein secretion system complex
GO:0004795	threonine synthase activity
GO:0006284	base-excision repair
GO:0003906	DNA-(apurinic or apyrimidinic site) endonuclease activity
GO:0006285	base-excision repair, AP site formation
GO:0019104	DNA N-glycosylase activity
GO:0140078	class I DNA-(apurinic or apyrimidinic site) endonuclease activity
GO:0002100	tRNA wobble adenosine to inosine editing
GO:0052717	tRNA-specific adenosine-34 deaminase activity
GO:0052718	tRNA-specific adenosine-34 deaminase complex
GO:0003913	DNA photolyase activity
GO:0015424	amino acid-transporting ATPase activity
GO:0001217	bacterial-type RNA polymerase transcriptional repressor activity, sequence-specific DNA binding
GO:0045893	positive regulation of transcription, DNA-templated
GO:0004659	prenyltransferase activity
GO:0010189	vitamin E biosynthetic process
GO:0008379	thioredoxin peroxidase activity
GO:0042744	hydrogen peroxide catabolic process
GO:0044212	transcription regulatory region DNA binding
GO:1900376	regulation of secondary metabolite biosynthetic process
GO:0042884	microcin transport
GO:0008881	glutamate racemase activity
GO:0016855	racemase and epimerase activity, acting on amino acids and derivatives
GO:0006474	N-terminal protein amino acid acetylation
GO:0003904	deoxyribodipyrimidine photo-lyase activity
GO:0042597	periplasmic space
GO:0006821	chloride transport
GO:0005247	voltage-gated chloride channel activity
GO:0031404	chloride ion binding
GO:0009521	photosystem
GO:0006270	DNA replication initiation
GO:0006275	regulation of DNA replication
GO:0003688	DNA replication origin binding
GO:0009152	purine ribonucleotide biosynthetic process
GO:0016742	hydroxymethyl-, formyl- and related transferase activity
GO:0004644	phosphoribosylglycinamide formyltransferase activity
GO:0043815	phosphoribosylglycinamide formyltransferase 2 activity
GO:0002143	tRNA wobble position uridine thiolation
GO:0016783	sulfurtransferase activity
GO:0006207	'de novo' pyrimidine nucleobase biosynthetic process
GO:0004590	orotidine-5'-phosphate decarboxylase activity
GO:0044205	'de novo' UMP biosynthetic process
GO:0032136	adenine/cytosine mispair binding
GO:0035556	intracellular signal transduction
GO:0006817	phosphate ion transport
GO:0005315	inorganic phosphate transmembrane transporter activity
GO:0015114	phosphate ion transmembrane transporter activity
GO:0015415	ATPase-coupled phosphate ion transmembrane transporter activity
GO:0016018	cyclosporin A binding
GO:0006729	tetrahydrobiopterin biosynthetic process
GO:0008124	4-alpha-hydroxytetrahydrobiopterin dehydratase activity
GO:0016117	carotenoid biosynthetic process
GO:0016705	oxidoreductase activity, acting on paired donors, with incorporation or reduction of molecular oxygen
GO:0016166	phytoene dehydrogenase activity
GO:0004310	farnesyl-diphosphate farnesyltransferase activity
GO:0006696	ergosterol biosynthetic process
GO:0016767	geranylgeranyl-diphosphate geranylgeranyltransferase activity
GO:0051996	squalene synthase activity
GO:0005234	extracellularly glutamate-gated ion channel activity
GO:0004970	ionotropic glutamate receptor activity
GO:0015276	ligand-gated ion channel activity
GO:0006749	glutathione metabolic process
GO:0050313	sulfur dioxygenase activity
GO:0070813	hydrogen sulfide metabolic process
GO:0004437	GO:0004437
GO:0004400	histidinol-phosphate transaminase activity
GO:0015250	water channel activity
GO:0003917	DNA topoisomerase type I activity
GO:0006479	protein methylation
GO:0006564	L-serine biosynthetic process
GO:0004617	phosphoglycerate dehydrogenase activity
GO:0004602	glutathione peroxidase activity
GO:0003985	acetyl-CoA C-acetyltransferase activity
GO:0003988	acetyl-CoA C-acyltransferase activity
GO:0006635	fatty acid beta-oxidation
GO:0018454	acetoacetyl-CoA reductase activity
GO:0044260	cellular macromolecule metabolic process
GO:0009059	macromolecule biosynthetic process
GO:0071160	cyanophycin synthetase activity (L-aspartate-adding)
GO:0071161	cyanophycin synthetase activity (L-arginine-adding)
GO:0007264	small GTPase mediated signal transduction
GO:0002098	tRNA wobble uridine modification
GO:0005388	calcium-transporting ATPase activity
GO:0004326	tetrahydrofolylpolyglutamate synthase activity
GO:0016836	hydro-lyase activity
GO:0004317	3-hydroxypalmitoyl-[acyl-carrier-protein] dehydratase activity
GO:0008659	(3R)-hydroxymyristoyl-[acyl-carrier-protein] dehydratase activity
GO:0008693	3-hydroxydecanoyl-[acyl-carrier-protein] dehydratase activity
GO:0047451	3-hydroxyoctanoyl-[acyl-carrier-protein] dehydratase activity
GO:0019295	coenzyme M biosynthetic process
GO:0050532	2-phosphosulfolactate phosphatase activity
GO:0050545	sulfopyruvate decarboxylase activity
GO:0006422	aspartyl-tRNA aminoacylation
GO:0004815	aspartate-tRNA ligase activity
GO:0050560	aspartate-tRNA(Asn) ligase activity
GO:0009247	glycolipid biosynthetic process
GO:0015658	branched-chain amino acid transmembrane transporter activity
GO:0015803	branched-chain amino acid transport
GO:0048511	rhythmic process
GO:0015385	sodium:proton antiporter activity
GO:0015386	potassium:proton antiporter activity
GO:0051453	regulation of intracellular pH
GO:0071805	potassium ion transmembrane transport
GO:0098719	sodium ion import across plasma membrane
GO:0008556	potassium-transporting ATPase activity
GO:0009593	detection of chemical stimulus
GO:0008817	cob(I)yrinic acid a,c-diamide adenosyltransferase activity
GO:0016655	oxidoreductase activity, acting on NAD(P)H, quinone or similar compound as acceptor
GO:0044255	cellular lipid metabolic process
GO:0015937	coenzyme A biosynthetic process
GO:0015941	pantothenate catabolic process
GO:0004632	phosphopantothenate--cysteine ligase activity
GO:0004633	phosphopantothenoylcysteine decarboxylase activity
GO:0010106	cellular response to iron ion starvation
GO:0043023	ribosomal large subunit binding
GO:0004181	metallocarboxypeptidase activity
GO:0005615	extracellular space
GO:0004359	glutaminase activity
GO:0006543	glutamine catabolic process
GO:0006571	tyrosine biosynthetic process
GO:0004665	prephenate dehydrogenase (NADP+) activity
GO:0004096	catalase activity
GO:0004601	peroxidase activity
GO:0070301	cellular response to hydrogen peroxide
GO:0009082	branched-chain amino acid biosynthetic process
GO:0003984	acetolactate synthase activity
GO:0019746	hopanoid biosynthetic process
GO:0006071	glycerol metabolic process
GO:0006094	gluconeogenesis
GO:0019253	reductive pentose-phosphate cycle
GO:0042132	fructose 1,6-bisphosphate 1-phosphatase activity
GO:0050278	sedoheptulose-bisphosphatase activity
GO:0015671	oxygen transport
GO:0019825	oxygen binding
GO:0005344	oxygen carrier activity
GO:0006614	SRP-dependent cotranslational protein targeting to membrane
GO:0005047	signal recognition particle binding
GO:0031226	intrinsic component of plasma membrane
GO:0043772	acyl-phosphate glycerol-3-phosphate acyltransferase activity
GO:0006168	adenine salvage
GO:0003999	adenine phosphoribosyltransferase activity
GO:0002055	adenine binding
GO:0006166	purine ribonucleoside salvage
GO:0009307	DNA restriction-modification system
GO:0000150	recombinase activity
GO:0015711	organic anion transport
GO:0008508	bile acid:sodium symporter activity
GO:0006433	prolyl-tRNA aminoacylation
GO:0004827	proline-tRNA ligase activity
GO:0043811	phosphate:acyl-[acyl carrier protein] acyltransferase activity
GO:0033818	beta-ketoacyl-acyl-carrier-protein synthase III activity
GO:0003951	NAD+ kinase activity
GO:0006741	NADP biosynthetic process
GO:0019674	NAD metabolic process
GO:0006801	superoxide metabolic process
GO:0004784	superoxide dismutase activity
GO:0009098	leucine biosynthetic process
GO:0003862	3-isopropylmalate dehydrogenase activity
GO:0032194	ubiquinone biosynthetic process via 3,4-dihydroxy-5-polyprenylbenzoate
GO:0042371	vitamin K biosynthetic process
GO:0032196	transposition
GO:0004177	aminopeptidase activity
GO:0008235	metalloexopeptidase activity
GO:0008781	N-acylneuraminate cytidylyltransferase activity
GO:0016618	hydroxypyruvate reductase activity
GO:0030267	glyoxylate reductase (NADP) activity
GO:0004655	porphobilinogen synthase activity
GO:0003856	3-dehydroquinate synthase activity
GO:0016838	carbon-oxygen lyase activity, acting on phosphates
GO:0042908	xenobiotic transport
GO:0018364	peptidyl-glutamine methylation
GO:0036009	protein-glutamine N-methyltransferase activity
GO:0102559	protein-(glutamine-N5) methyltransferase activity
GO:0015969	guanosine tetraphosphate metabolic process
GO:0008893	guanosine-3',5'-bis(diphosphate) 3'-diphosphatase activity
GO:0015970	guanosine tetraphosphate biosynthetic process
GO:0004013	adenosylhomocysteinase activity
GO:0033353	S-adenosylmethionine cycle
GO:0008553	proton-exporting ATPase activity, phosphorylative mechanism
GO:0008901	ferredoxin hydrogenase activity
GO:0004614	phosphoglucomutase activity
GO:0004185	serine-type carboxypeptidase activity
GO:0004458	D-lactate dehydrogenase (cytochrome) activity
GO:0008720	D-lactate dehydrogenase activity
GO:1903457	lactate catabolic process
GO:0000408	EKC/KEOPS complex
GO:0061711	N(6)-L-threonylcarbamoyladenine synthase activity
GO:0042274	ribosomal small subunit biogenesis
GO:0000453	enzyme-directed rRNA 2'-O-methylation
GO:0070677	rRNA (cytosine-2'-O-)-methyltransferase activity
GO:0004811	GO:0004811
GO:0052381	tRNA dimethylallyltransferase activity
GO:0045941	GO:0045941
GO:0016563	GO:0016563
GO:0004594	pantothenate kinase activity
GO:0008909	isochorismate synthase activity
GO:0016410	N-acyltransferase activity
GO:0004750	ribulose-phosphate 3-epimerase activity
GO:0009052	pentose-phosphate shunt, non-oxidative branch
GO:0019323	pentose catabolic process
GO:0044262	cellular carbohydrate metabolic process
GO:0006876	cellular cadmium ion homeostasis
GO:0006882	cellular zinc ion homeostasis
GO:0015086	cadmium ion transmembrane transporter activity
GO:0015341	zinc efflux active transmembrane transporter activity
GO:0006414	translational elongation
GO:0003746	translation elongation factor activity
GO:0015369	calcium:proton antiporter activity
GO:0006229	dUTP biosynthetic process
GO:0008829	dCTP deaminase activity
GO:0015949	nucleobase-containing small molecule interconversion
GO:0015940	pantothenate biosynthetic process
GO:0004127	cytidylate kinase activity
GO:0004592	pantoate-beta-alanine ligase activity
GO:0006220	pyrimidine nucleotide metabolic process
GO:0033317	pantothenate biosynthetic process from valine
GO:0015976	carbon utilization
GO:0004089	carbonate dehydratase activity
GO:0009440	cyanate catabolic process
GO:0009001	serine O-acetyltransferase activity
GO:0004347	glucose-6-phosphate isomerase activity
GO:0051156	glucose 6-phosphate metabolic process
GO:0006636	unsaturated fatty acid biosynthetic process
GO:0102985	Delta12-fatty-acid desaturase activity
GO:0008766	UDP-N-acetylmuramoylalanyl-D-glutamyl-2,6-diaminopimelate-D-alanyl-D-alanine ligase activity
GO:0047480	UDP-N-acetylmuramoyl-tripeptide-D-alanyl-D-alanine ligase activity
GO:0031419	cobalamin binding
GO:0048034	heme O biosynthetic process
GO:0008495	protoheme IX farnesyltransferase activity
GO:0045333	cellular respiration
GO:0006784	heme a biosynthetic process
GO:0044776	DNA polymerase III, core complex
GO:0045004	DNA replication proofreading
GO:0015849	organic acid transport
GO:0031317	tripartite ATP-independent periplasmic transporter complex
GO:0043177	organic acid binding
GO:0016037	light absorption
GO:0009881	photoreceptor activity
GO:0008686	3,4-dihydroxy-2-butanone-4-phosphate synthase activity
GO:0003935	GTP cyclohydrolase II activity
GO:0003796	lysozyme activity
GO:0019835	cytolysis
GO:0000107	imidazoleglycerol-phosphate synthase activity
GO:0004358	glutamate N-acetyltransferase activity
GO:0004042	acetyl-CoA:L-glutamate N-acetyltransferase activity
GO:0006592	ornithine biosynthetic process
GO:0103045	methione N-acyltransferase activity
GO:0006044	N-acetylglucosamine metabolic process
GO:0006051	N-acetylmannosamine metabolic process
GO:0050121	N-acylglucosamine 2-epimerase activity
GO:0006824	cobalt ion transport
GO:0015087	cobalt ion transmembrane transporter activity
GO:0051989	coproporphyrinogen dehydrogenase activity
GO:0015821	methionine transport
GO:0006269	DNA replication, synthesis of RNA primer
GO:0003896	DNA primase activity
GO:1990077	primosome complex
GO:0016682	oxidoreductase activity, acting on diphenols and related substances as donors, oxygen as acceptor
GO:0016993	precorrin-8X methylmutase activity
GO:0004526	ribonuclease P activity
GO:0001682	tRNA 5'-leader removal
GO:0030677	ribonuclease P complex
GO:0034414	tRNA 3'-trailer cleavage, endonucleolytic
GO:0042781	3'-tRNA processing endoribonuclease activity
GO:0051205	protein insertion into membrane
GO:0032977	membrane insertase activity
GO:0008934	inositol monophosphate 1-phosphatase activity
GO:0042578	phosphoric ester hydrolase activity
GO:0046854	phosphatidylinositol phosphorylation
GO:0046855	inositol phosphate dephosphorylation
GO:0052832	inositol monophosphate 3-phosphatase activity
GO:0052833	inositol monophosphate 4-phosphatase activity
GO:0004070	aspartate carbamoyltransferase activity
GO:0016743	carboxyl- or carbamoyltransferase activity
GO:0016857	racemase and epimerase activity, acting on carbohydrates and derivatives
GO:0015293	symporter activity
GO:0071702	organic substance transport
GO:0030253	protein secretion by the type I secretion system
GO:0030256	type I protein secretion system complex
GO:0008955	peptidoglycan glycosyltransferase activity
GO:0015648	lipid-linked peptidoglycan transporter activity
GO:0003840	GO:0003840
GO:0006751	glutathione catabolic process
GO:0036374	glutathione hydrolase activity
GO:0102953	hypoglycin A gamma-glutamyl transpeptidase activity
GO:0103068	leukotriene C4 gamma-glutamyl transferase activity
GO:0016879	ligase activity, forming carbon-nitrogen bonds
GO:0009316	3-isopropylmalate dehydratase complex
GO:0003861	3-isopropylmalate dehydratase activity
GO:0006221	pyrimidine nucleotide biosynthetic process
GO:0003883	CTP synthase activity
GO:0006241	CTP biosynthetic process
GO:0019856	pyrimidine nucleobase biosynthetic process
GO:0044210	'de novo' CTP biosynthetic process
GO:0008134	transcription factor binding
GO:0016638	oxidoreductase activity, acting on the CH-NH2 group of donors
GO:0004733	pyridoxamine-phosphate oxidase activity
GO:0048500	signal recognition particle
GO:0008312	7S RNA binding
GO:0070681	glutaminyl-tRNAGln biosynthesis via transamidation
GO:0009113	purine nucleobase biosynthetic process
GO:0004637	phosphoribosylamine-glycine ligase activity
GO:0005971	ribonucleoside-diphosphate reductase complex
GO:0004748	ribonucleoside-diphosphate reductase activity, thioredoxin disulfide as acceptor
GO:0009263	deoxyribonucleotide biosynthetic process
GO:0045550	geranylgeranyl reductase activity
GO:0102067	geranylgeranyl diphosphate reductase activity
GO:0004368	glycerol-3-phosphate dehydrogenase (quinone) activity
GO:0052591	sn-glycerol-3-phosphate:ubiquinone-8 oxidoreductase activity
GO:0051473	glucosylglycerol biosynthetic process
GO:0005992	trehalose biosynthetic process
GO:0033828	glucosylglycerol-phosphate synthase activity
GO:0004370	glycerol kinase activity
GO:0016773	phosphotransferase activity, alcohol group as acceptor
GO:0019563	glycerol catabolic process
GO:0016805	dipeptidase activity
GO:0008237	metallopeptidase activity
GO:0003852	2-isopropylmalate synthase activity
GO:0046912	transferase activity, transferring acyl groups, acyl groups converted into alkyl on transfer
GO:0043714	(R)-citramalate synthase activity
GO:0006562	proline catabolic process
GO:0003842	1-pyrroline-5-carboxylate dehydrogenase activity
GO:0004657	proline dehydrogenase activity
GO:0004760	serine-pyruvate transaminase activity
GO:0005777	peroxisome
GO:0008453	alanine-glyoxylate transaminase activity
GO:0019265	glycine biosynthetic process, by transamination of glyoxylate
GO:0002134	UTP binding
GO:0003983	UTP:glucose-1-phosphate uridylyltransferase activity
GO:0006011	UDP-glucose metabolic process
GO:0004452	isopentenyl-diphosphate delta-isomerase activity
GO:0016799	hydrolase activity, hydrolyzing N-glycosyl compounds
GO:0008534	oxidized purine nucleobase lesion DNA N-glycosylase activity
GO:0034039	8-oxo-7,8-dihydroguanine DNA N-glycosylase activity
GO:0003952	NAD+ synthase (glutamine-hydrolyzing) activity
GO:0008795	NAD+ synthase activity
GO:0006432	phenylalanyl-tRNA aminoacylation
GO:0004826	phenylalanine-tRNA ligase activity
GO:0009328	phenylalanine-tRNA ligase complex
GO:0008964	phosphoenolpyruvate carboxylase activity
GO:0006107	oxaloacetate metabolic process
GO:0019363	pyridine nucleotide biosynthetic process
GO:0004514	nicotinate-nucleotide diphosphorylase (carboxylating) activity
GO:0034213	quinolinate catabolic process
GO:0043778	cobalt-precorrin-8 methylmutase activity
GO:0016719	carotene 7,8-desaturase activity
GO:0016120	carotene biosynthetic process
GO:0052886	9,9'-dicis-carotene:quinone oxidoreductase activity
GO:0052887	7,9,9'-tricis-neurosporene:quinone oxidoreductase activity
GO:0004033	aldo-keto reductase (NADP) activity
GO:0004090	carbonyl reductase (NADPH) activity
GO:0004332	fructose-bisphosphate aldolase activity
GO:0015104	antimonite transmembrane transporter activity
GO:0015105	arsenite transmembrane transporter activity
GO:0015699	antimonite transport
GO:0015700	arsenite transport
GO:0006470	protein dephosphorylation
GO:0004725	protein tyrosine phosphatase activity
GO:0008794	arsenate reductase (glutaredoxin) activity
GO:0046685	response to arsenic-containing substance
GO:0004832	valine-tRNA ligase activity
GO:0006438	valyl-tRNA aminoacylation
GO:0019836	hemolysis by symbiont of host erythrocytes
GO:0050518	2-C-methyl-D-erythritol 4-phosphate cytidylyltransferase activity
GO:0005986	sucrose biosynthetic process
GO:0050307	sucrose-phosphate phosphatase activity
GO:0004525	ribonuclease III activity
GO:0070039	rRNA (guanosine-2'-O-)-methyltransferase activity
GO:0006423	cysteinyl-tRNA aminoacylation
GO:0004817	cysteine-tRNA ligase activity
GO:0009117	nucleotide metabolic process
GO:0035529	NADH pyrophosphatase activity
GO:0047429	nucleoside-triphosphate diphosphatase activity
GO:0006796	phosphate-containing compound metabolic process
GO:0004427	inorganic diphosphatase activity
GO:0006760	folic acid-containing compound metabolic process
GO:0004150	dihydroneopterin aldolase activity
GO:0006865	amino acid transport
GO:0000455	enzyme-directed rRNA pseudouridine synthesis
GO:0070929	trans-translation
GO:0004719	protein-L-isoaspartate (D-aspartate) O-methyltransferase activity
GO:0016429	tRNA (adenine-N1-)-methyltransferase activity
GO:0031515	tRNA (m1A) methyltransferase complex
GO:0009408	response to heat
GO:0008974	phosphoribulokinase activity
GO:0004324	ferredoxin-NADP+ reductase activity
GO:0016075	rRNA catabolic process
GO:0003725	double-stranded RNA binding
GO:0006397	mRNA processing
GO:0008444	CDP-diacylglycerol-glycerol-3-phosphate 3-phosphatidyltransferase activity
GO:0016780	phosphotransferase activity, for other substituted phosphate groups
GO:0000724	double-strand break repair via homologous recombination
GO:0009314	response to radiation
GO:0031418	L-ascorbic acid binding
GO:0010207	photosystem II assembly
GO:0010242	oxygen evolving activity
GO:0003866	3-phosphoshikimate 1-carboxyvinyltransferase activity
GO:0004067	asparaginase activity
GO:0008798	beta-aspartyl-peptidase activity
GO:0016540	protein autoprocessing
GO:0004018	N6-(1,2-dicarboxyethyl)AMP AMP-lyase (fumarate-forming) activity
GO:0070626	(S)-2-(5-amino-1-(5-phospho-D-ribosyl)imidazole-4-carboxamido)succinate AMP-lyase (fumarate-forming) activity
GO:0051741	2-methyl-6-phytyl-1,4-benzoquinone methyltransferase activity
GO:0102550	2-methyl-6-geranylgeranyl-1,4-benzoquinol methyltransferase activity
GO:0003715	GO:0003715
GO:0016213	linoleoyl-CoA desaturase activity
GO:0018063	cytochrome c-heme linkage
GO:0016852	sirohydrochlorin cobaltochelatase activity
GO:0004375	glycine dehydrogenase (decarboxylating) activity
GO:0016594	glycine binding
GO:0004618	phosphoglycerate kinase activity
GO:0043531	ADP binding
GO:1903862	positive regulation of oxidative phosphorylation
GO:0000986	bacterial-type proximal promoter sequence-specific DNA binding
GO:0006419	alanyl-tRNA aminoacylation
GO:0004813	alanine-tRNA ligase activity
GO:0016876	GO:0016876
GO:0015846	polyamine transport
GO:0019808	polyamine binding
GO:0009143	nucleoside triphosphate catabolic process
GO:0009146	purine nucleoside triphosphate catabolic process
GO:0006808	regulation of nitrogen utilization
GO:0030234	enzyme regulator activity
GO:0004640	phosphoribosylanthranilate isomerase activity
GO:0004151	dihydroorotase activity
GO:0016812	hydrolase activity, acting on carbon-nitrogen (but not peptide) bonds, in cyclic amides
GO:0002184	cytoplasmic translational termination
GO:0033862	UMP kinase activity
GO:0009041	uridylate kinase activity
GO:0006225	UDP biosynthetic process
GO:0006515	protein quality control for misfolded or incompletely synthesized proteins
GO:0009368	endopeptidase Clp complex
GO:0051117	ATPase binding
GO:0009987	cellular process
GO:0017061	S-methyl-5-thioadenosine phosphorylase activity
GO:0019509	L-methionine salvage from methylthioadenosine
GO:0015420	cobalamin-transporting ATPase activity
GO:0048472	threonine-phosphate decarboxylase activity
GO:0003747	translation release factor activity
GO:0016624	oxidoreductase activity, acting on the aldehyde or oxo group of donors, disulfide as acceptor
GO:0004739	pyruvate dehydrogenase (acetyl-transferring) activity
GO:0006086	acetyl-CoA biosynthetic process from pyruvate
GO:0006183	GTP biosynthetic process
GO:0006228	UTP biosynthetic process
GO:0004550	nucleoside diphosphate kinase activity
GO:0044249	cellular biosynthetic process
GO:0019284	L-methionine salvage from S-adenosylmethionine
GO:0046523	S-methyl-5-thioribose-1-phosphate isomerase activity
GO:0042171	lysophosphatidic acid acyltransferase activity
GO:0042752	regulation of circadian rhythm
GO:0004619	phosphoglycerate mutase activity
GO:0046537	2,3-bisphosphoglycerate-independent phosphoglycerate mutase activity
GO:0031012	extracellular matrix
GO:0005261	cation channel activity
GO:0004357	glutamate-cysteine ligase activity
GO:0042398	cellular modified amino acid biosynthetic process
GO:0002131	wobble position cytosine ribose methylation
GO:0002132	wobble position uridine ribose methylation
GO:0008175	tRNA methyltransferase activity
GO:0044238	primary metabolic process
GO:0043024	ribosomal small subunit binding
GO:0045900	negative regulation of translational elongation
GO:0016415	octanoyltransferase activity
GO:0033819	lipoyl(octanoyl) transferase activity
GO:0102555	octanoyl transferase activity (acting on glycine-cleavage complex H protein)
GO:0004559	alpha-mannosidase activity
GO:0015923	mannosidase activity
GO:0017001	antibiotic catabolic process
GO:0004047	aminomethyltransferase activity
GO:0000921	septin ring assembly
GO:0004852	uroporphyrinogen-III synthase activity
GO:0003844	1,4-alpha-glucan branching enzyme activity
GO:0102752	1,4-alpha-glucan branching enzyme activity (using a glucosylated glycogenin as primer for glycogen synthesis)
GO:0004588	orotate phosphoribosyltransferase activity
GO:0006222	UMP biosynthetic process
GO:0004777	succinate-semialdehyde dehydrogenase (NAD+) activity
GO:0009013	succinate-semialdehyde dehydrogenase [NAD(P)+] activity
GO:0009450	gamma-aminobutyric acid catabolic process
GO:0009317	acetyl-CoA carboxylase complex
GO:0003989	acetyl-CoA carboxylase activity
GO:2001295	malonyl-CoA biosynthetic process
GO:0006233	dTDP biosynthetic process
GO:0004798	thymidylate kinase activity
GO:0006227	dUDP biosynthetic process
GO:0004616	phosphogluconate dehydrogenase (decarboxylating) activity
GO:0009051	pentose-phosphate shunt, oxidative branch
GO:0046177	D-gluconate catabolic process
GO:0019685	photosynthesis, dark reaction
GO:0046148	pigment biosynthetic process
GO:0016730	oxidoreductase activity, acting on iron-sulfur proteins as donors
GO:0016636	oxidoreductase activity, acting on the CH-CH group of donors, iron-sulfur protein as acceptor
GO:0022891	GO:0022891
GO:0005351	carbohydrate:proton symporter activity
GO:0004044	amidophosphoribosyltransferase activity
GO:0030490	maturation of SSU-rRNA
GO:0004477	methenyltetrahydrofolate cyclohydrolase activity
GO:0004488	methylenetetrahydrofolate dehydrogenase (NADP+) activity
GO:0009086	methionine biosynthetic process
GO:0007623	circadian rhythm
GO:0004807	triose-phosphate isomerase activity
GO:0046166	glyceraldehyde-3-phosphate biosynthetic process
GO:0009775	GO:0009775
GO:0046944	protein carbamoylation
GO:0050992	dimethylallyl diphosphate biosynthetic process
GO:0051745	4-hydroxy-3-methylbut-2-en-1-yl diphosphate reductase activity
GO:0006427	histidyl-tRNA aminoacylation
GO:0004821	histidine-tRNA ligase activity
GO:0016646	oxidoreductase activity, acting on the CH-NH group of donors, NAD or NADP as acceptor
GO:0042602	riboflavin reductase (NADPH) activity
GO:0030604	1-deoxy-D-xylulose-5-phosphate reductoisomerase activity
GO:0051484	isopentenyl diphosphate biosynthetic process, methylerythritol 4-phosphate pathway involved in terpenoid biosynthetic process
GO:0042286	glutamate-1-semialdehyde 2,1-aminomutase activity
GO:0009853	photorespiration
GO:0008915	lipid-A-disaccharide synthase activity
GO:0005543	phospholipid binding
GO:0019277	UDP-N-acetylgalactosamine biosynthetic process
GO:0008760	UDP-N-acetylglucosamine 1-carboxyvinyltransferase activity
GO:0006106	fumarate metabolic process
GO:0045239	tricarboxylic acid cycle enzyme complex
GO:0004333	fumarate hydratase activity
GO:0009297	pilus assembly
GO:0015473	fimbrial usher porin activity
GO:0006177	GMP biosynthetic process
GO:0006529	asparagine biosynthetic process
GO:0003922	GMP synthase (glutamine-hydrolyzing) activity
GO:0004066	asparagine synthase (glutamine-hydrolyzing) activity
GO:0003921	GMP synthase activity
GO:0016462	pyrophosphatase activity
GO:0003886	DNA (cytosine-5-)-methyltransferase activity
GO:0050380	undecaprenyl-diphosphatase activity
GO:0043752	adenosylcobinamide kinase activity
GO:0043753	GO:0043753
GO:0005768	endosome
GO:0008823	cupric reductase activity
GO:0052851	ferric-chelate reductase (NADPH) activity
GO:0098706	ferric iron import across cell outer membrane
GO:0009924	octadecanal decarbonylase activity
GO:1990465	aldehyde oxygenase (deformylating) activity
GO:0006420	arginyl-tRNA aminoacylation
GO:0006426	glycyl-tRNA aminoacylation
GO:0004814	arginine-tRNA ligase activity
GO:0004820	glycine-tRNA ligase activity
GO:0047151	methylenetetrahydrofolate-tRNA-(uracil-5-)-methyltransferase (FADH2-oxidizing) activity
GO:0030698	5,10-methylenetetrahydrofolate-dependent tRNA (m5U54) methyltransferase activity
GO:0070899	mitochondrial tRNA wobble uridine modification
GO:0006573	valine metabolic process
GO:0008442	3-hydroxyisobutyrate dehydrogenase activity
GO:0006307	DNA dealkylation involved in DNA repair
GO:0008725	DNA-3-methyladenine glycosylase activity
GO:0032131	alkylated DNA binding
GO:0043916	DNA-7-methylguanine glycosylase activity
GO:0051213	dioxygenase activity
GO:0047617	acyl-CoA hydrolase activity
GO:0009374	biotin binding
GO:0009339	glycolate oxidase complex
GO:0008891	glycolate oxidase activity
GO:0016847	1-aminocyclopropane-1-carboxylate synthase activity
GO:0004069	L-aspartate:2-oxoglutarate aminotransferase activity
GO:0004108	citrate (Si)-synthase activity
GO:0008969	GO:0008969
GO:0101006	protein histidine phosphatase activity
GO:0042779	tRNA 3'-trailer cleavage
GO:0016891	endoribonuclease activity, producing 5'-phosphomonoesters
GO:0008864	formyltetrahydrofolate deformylase activity
GO:0005948	acetolactate synthase complex
GO:0009099	valine biosynthetic process
GO:1990610	acetolactate synthase regulator activity
GO:0004521	endoribonuclease activity
GO:0030494	bacteriochlorophyll biosynthetic process
GO:0043787	GO:0043787
GO:0015232	heme transporter activity
GO:0030150	protein import into mitochondrial matrix
GO:0000774	adenyl-nucleotide exchange factor activity
GO:0016423	tRNA (guanine) methyltransferase activity
GO:0008703	5-amino-6-(5-phosphoribosylamino)uracil reductase activity
GO:0008835	diaminohydroxyphosphoribosylaminopyrimidine deaminase activity
GO:0006152	purine nucleoside catabolic process
GO:0047974	guanosine deaminase activity
GO:0004479	methionyl-tRNA formyltransferase activity
GO:0071951	conversion of methionyl-tRNA to N-formyl-methionyl-tRNA
GO:0045903	positive regulation of translational fidelity
GO:0004350	glutamate-5-semialdehyde dehydrogenase activity
GO:0009584	detection of visible light
GO:0009585	red, far-red light phototransduction
GO:0009639	response to red or far red light
GO:0009883	red or far-red light photoreceptor activity
GO:0004412	homoserine dehydrogenase activity
GO:0008897	holo-[acyl-carrier-protein] synthase activity
GO:0019878	lysine biosynthetic process via aminoadipic acid
GO:0016989	sigma factor antagonist activity
GO:0015462	ATPase-coupled protein transmembrane transporter activity
GO:0043799	glycine oxidase activity
GO:0008818	cobalamin 5'-phosphate synthase activity
GO:0051073	adenosylcobinamide-GDP ribazoletransferase activity
GO:0070204	2-succinyl-5-enolpyruvyl-6-hydroxy-3-cyclohexene-1-carboxylic-acid synthase activity
GO:0006431	methionyl-tRNA aminoacylation
GO:0004825	methionine-tRNA ligase activity
GO:0046039	GTP metabolic process
GO:0008832	dGTPase activity
GO:0006203	dGTP catabolic process
GO:0006261	DNA-dependent DNA replication
GO:0008780	acyl-[acyl-carrier-protein]-UDP-N-acetylglucosamine O-acyltransferase activity
GO:0004851	uroporphyrin-III C-methyltransferase activity
GO:0019354	siroheme biosynthetic process
GO:0000716	transcription-coupled nucleotide-excision repair, DNA damage recognition
GO:0004086	GO:0004086
GO:0004088	carbamoyl-phosphate synthase (glutamine-hydrolyzing) activity
GO:0003934	GTP cyclohydrolase I activity
GO:0035998	7,8-dihydroneopterin 3'-triphosphate biosynthetic process
GO:0006777	Mo-molybdopterin cofactor biosynthetic process
GO:0004751	ribose-5-phosphate isomerase activity
GO:0006014	D-ribose metabolic process
GO:0005741	mitochondrial outer membrane
GO:0034587	piRNA metabolic process
GO:0006424	glutamyl-tRNA aminoacylation
GO:0004818	glutamate-tRNA ligase activity
GO:0008937	ferredoxin-NAD(P) reductase activity
GO:0008898	S-adenosylmethionine-homocysteine S-methyltransferase activity
GO:0042558	pteridine-containing compound metabolic process
GO:0030247	polysaccharide binding
GO:0008810	cellulase activity
GO:0030245	cellulose catabolic process
GO:0009439	cyanate metabolic process
GO:0008824	cyanate hydratase activity
GO:0032324	molybdopterin cofactor biosynthetic process
GO:0018315	molybdenum incorporation into molybdenum-molybdopterin complex
GO:0061598	molybdopterin adenylyltransferase activity
GO:0061599	molybdopterin molybdotransferase activity
GO:0019008	molybdopterin synthase complex
GO:0061798	GTP 3',8'-cyclase activity
GO:0061603	molybdenum cofactor guanylyltransferase activity
GO:0061799	cyclic pyranopterin monophosphate synthase activity
GO:0030366	molybdopterin synthase activity
GO:0036070	light-independent bacteriochlorophyll biosynthetic process
GO:0008710	8-amino-7-oxononanoate synthase activity
GO:0070006	metalloaminopeptidase activity
GO:0070084	protein initiator methionine removal
GO:0006523	alanine biosynthetic process
GO:0004068	aspartate 1-decarboxylase activity
GO:0030060	L-malate dehydrogenase activity
GO:0004045	aminoacyl-tRNA hydrolase activity
GO:0030385	ferredoxin:thioredoxin reductase activity
GO:0103012	ferredoxin-thioredoxin reductase activity
GO:0004534	5'-3' exoribonuclease activity
GO:0035312	5'-3' exodeoxyribonuclease activity
GO:0001731	formation of translation preinitiation complex
GO:0002188	translation reinitiation
GO:0009607	response to biotic stimulus
GO:0006171	cAMP biosynthetic process
GO:0004016	adenylate cyclase activity
GO:0000249	C-22 sterol desaturase activity
GO:0016125	sterol metabolic process
GO:0003987	acetate-CoA ligase activity
GO:0019427	acetyl-CoA biosynthetic process from acetate
GO:0016717	oxidoreductase activity, acting on paired donors, with oxidation of a pair of donors resulting in the reduction of molecular oxygen to two molecules of water
GO:0009226	nucleotide-sugar biosynthetic process
GO:0006522	alanine metabolic process
GO:0008784	alanine racemase activity
GO:0030632	D-alanine biosynthetic process
GO:0009225	nucleotide-sugar metabolic process
GO:0008460	dTDP-glucose 4,6-dehydratase activity
GO:0004641	phosphoribosylformylglycinamidine cyclo-ligase activity
GO:0004325	ferrochelatase activity
GO:0043864	indoleacetamide hydrolase activity
GO:0001932	regulation of protein phosphorylation
GO:0005952	cAMP-dependent protein kinase complex
GO:0008603	cAMP-dependent protein kinase regulator activity
GO:0004595	pantetheine-phosphate adenylyltransferase activity
GO:0070043	rRNA (guanine-N7-)-methyltransferase activity
GO:0006534	cysteine metabolic process
GO:0031071	cysteine desulfurase activity
GO:0006875	cellular metal ion homeostasis
GO:0015446	ATPase-coupled arsenite transmembrane transporter activity
GO:0004401	histidinol-phosphatase activity
GO:0009244	lipopolysaccharide core region biosynthetic process
GO:0008968	D-sedoheptulose 7-phosphate isomerase activity
GO:2001061	D-glycero-D-manno-heptose 7-phosphate biosynthetic process
GO:0003874	6-pyruvoyltetrahydropterin synthase activity
GO:0070497	6-carboxy-5,6,7,8-tetrahydropterin synthase activity
GO:0090502	RNA phosphodiester bond hydrolysis, endonucleolytic
GO:0018339	peptidyl-L-beta-methylthioaspartic acid biosynthetic process from peptidyl-aspartic acid
GO:0035599	aspartic acid methylthiotransferase activity
GO:0103039	protein methylthiotransferase activity
GO:0032574	5'-3' RNA helicase activity
GO:0033592	RNA strand annealing activity
GO:0034057	RNA strand-exchange activity
GO:0034458	3'-5' RNA helicase activity
GO:0003942	N-acetyl-gamma-glutamyl-phosphate reductase activity
GO:0016620	oxidoreductase activity, acting on the aldehyde or oxo group of donors, NAD or NADP as acceptor
GO:0006435	threonyl-tRNA aminoacylation
GO:0004829	threonine-tRNA ligase activity
GO:0009072	aromatic amino acid family metabolic process
GO:0003868	4-hydroxyphenylpyruvate dioxygenase activity
GO:0006572	tyrosine catabolic process
GO:0006081	cellular aldehyde metabolic process
GO:0004030	aldehyde dehydrogenase [NAD(P)+] activity
GO:0004028	3-chloroallyl aldehyde dehydrogenase activity
GO:0008171	O-methyltransferase activity
GO:0004424	imidazoleglycerol-phosphate dehydratase activity
GO:0016630	protochlorophyllide reductase activity
GO:0004806	triglyceride lipase activity
GO:0010285	L,L-diaminopimelate aminotransferase activity
GO:0033362	lysine biosynthetic process via diaminopimelate, diaminopimelate-aminotransferase pathway
GO:0046373	L-arabinose metabolic process
GO:0046556	alpha-L-arabinofuranosidase activity
GO:0009165	nucleotide biosynthetic process
GO:0009156	ribonucleoside monophosphate biosynthetic process
GO:0004749	ribose phosphate diphosphokinase activity
GO:0002189	ribose phosphate diphosphokinase complex
GO:0006015	5-phosphoribose 1-diphosphate biosynthetic process
GO:0004141	dethiobiotin synthase activity
GO:0002099	tRNA wobble guanine modification
GO:0051075	S-adenosylmethionine:tRNA ribosyltransferase-isomerase activity
GO:0004340	glucokinase activity
GO:0005536	glucose binding
GO:0008761	UDP-N-acetylglucosamine 2-epimerase activity
GO:0046025	precorrin-6Y C5,15-methyltransferase (decarboxylating) activity
GO:0002935	tRNA (adenine-C2-)-methyltransferase activity
GO:0070040	rRNA (adenine-C2-)-methyltransferase activity
GO:0032981	mitochondrial respiratory chain complex I assembly
GO:0010024	phytochromobilin biosynthetic process
GO:0050620	phycocyanobilin:ferredoxin oxidoreductase activity
GO:0016830	carbon-carbon lyase activity
GO:0002128	tRNA nucleoside ribose methylation
GO:0052665	tRNA (uracil-2'-O-)-methyltransferase activity
GO:0052666	tRNA (cytosine-2'-O-)-methyltransferase activity
GO:0006799	polyphosphate biosynthetic process
GO:0009358	polyphosphate kinase complex
GO:0008976	polyphosphate kinase activity
GO:0032955	regulation of division septum assembly
GO:0000918	division septum site selection
GO:0009898	cytoplasmic side of plasma membrane
GO:0036214	contractile ring localization
GO:0051782	negative regulation of cell division
GO:0051726	regulation of cell cycle
GO:0000902	cell morphogenesis
GO:1901891	regulation of cell septum assembly
GO:0008811	chloramphenicol O-acetyltransferase activity
GO:0008986	pyruvate, water dikinase activity
GO:0006090	pyruvate metabolic process
GO:0016691	chloride peroxidase activity
GO:0008800	beta-lactamase activity
GO:0016818	hydrolase activity, acting on acid anhydrides, in phosphorus-containing anhydrides
GO:0019829	cation-transporting ATPase activity
GO:0005385	zinc ion transmembrane transporter activity
GO:0016463	zinc-exporting ATPase activity
GO:0004629	phospholipase C activity
GO:0017168	5-oxoprolinase (ATP-hydrolyzing) activity
GO:0015171	amino acid transmembrane transporter activity
GO:0015693	magnesium ion transport
GO:0015095	magnesium ion transmembrane transporter activity
GO:0004354	glutamate dehydrogenase (NADP+) activity
GO:0046857	oxidoreductase activity, acting on other nitrogenous compounds as donors, with NAD or NADP as acceptor
GO:0033739	preQ1 synthase activity
GO:0050570	4-hydroxythreonine-4-phosphate dehydrogenase activity
GO:0042823	pyridoxal phosphate biosynthetic process
GO:0008479	queuine tRNA-ribosyltransferase activity
GO:0101030	tRNA-guanine transglycosylation
GO:0044038	cell wall macromolecule biosynthetic process
GO:0051992	UDP-N-acetylmuramoyl-L-alanyl-D-glutamyl-meso-2,6-diaminopimelyl-D-alanyl-D-alanine:undecaprenyl-phosphate transferase activity
GO:0004152	dihydroorotate dehydrogenase activity
GO:0016903	oxidoreductase activity, acting on the aldehyde or oxo group of donors
GO:0015689	molybdate ion transport
GO:0015098	molybdate ion transmembrane transporter activity
GO:0015412	ATPase-coupled molybdate transmembrane transporter activity
GO:0009081	branched-chain amino acid metabolic process
GO:0052654	L-leucine transaminase activity
GO:0052655	L-valine transaminase activity
GO:0052656	L-isoleucine transaminase activity
GO:0006450	regulation of translational fidelity
GO:0019242	methylglyoxal biosynthetic process
GO:0008929	methylglyoxal synthase activity
GO:0046608	carotenoid isomerase activity
GO:0005844	polysome
GO:0046406	magnesium protoporphyrin IX methyltransferase activity
GO:0003864	3-methyl-2-oxobutanoate hydroxymethyltransferase activity
GO:0016881	acid-amino acid ligase activity
GO:0008765	UDP-N-acetylmuramoylalanyl-D-glutamate-2,6-diaminopimelate ligase activity
GO:0004853	uroporphyrinogen decarboxylase activity
GO:0003877	ATP adenylyltransferase activity
GO:0002094	polyprenyltransferase activity
GO:0016094	polyprenol biosynthetic process
GO:0008836	diaminopimelate decarboxylase activity
GO:0006421	asparaginyl-tRNA aminoacylation
GO:0004816	asparagine-tRNA ligase activity
GO:0009348	ornithine carbamoyltransferase complex
GO:0004585	ornithine carbamoyltransferase activity
GO:0019240	citrulline biosynthetic process
GO:0004638	phosphoribosylaminoimidazole carboxylase activity
GO:0034023	5-(carboxyamino)imidazole ribonucleotide mutase activity
GO:0002083	4-hydroxybenzoate decaprenyltransferase activity
GO:0010236	plastoquinone biosynthetic process
GO:0047293	4-hydroxybenzoate nonaprenyltransferase activity
GO:0003879	ATP phosphoribosyltransferase activity
GO:0003977	UDP-N-acetylglucosamine diphosphorylase activity
GO:0019134	glucosamine-1-phosphate N-acetyltransferase activity
GO:0004520	endodeoxyribonuclease activity
GO:0008821	crossover junction endodeoxyribonuclease activity
GO:0004425	indole-3-glycerol-phosphate synthase activity
GO:0005759	mitochondrial matrix
GO:0043335	protein unfolding
GO:0051083	'de novo' cotranslational protein folding
GO:0061077	chaperone-mediated protein folding
GO:0004073	aspartate-semialdehyde dehydrogenase activity
GO:0071266	'de novo' L-methionine biosynthetic process
GO:0008840	4-hydroxy-tetrahydrodipicolinate synthase
GO:0004140	dephospho-CoA kinase activity
GO:0030964	NADH dehydrogenase complex
GO:0004158	dihydroorotate oxidase activity
GO:0009220	pyrimidine ribonucleotide biosynthetic process
GO:0008763	UDP-N-acetylmuramate-L-alanine ligase activity
GO:0008762	UDP-N-acetylmuramate dehydrogenase activity
GO:0004322	ferroxidase activity
GO:0015419	ATPase-coupled sulfate transmembrane transporter activity
GO:1901681	sulfur compound binding
GO:0015563	GO:0015563
GO:0102025	ATPase-coupled thiosulfate transmembrane transporter activity
GO:0015703	chromate transport
GO:0015109	chromate transmembrane transporter activity
GO:0004455	ketol-acid reductoisomerase activity
GO:0003949	1-(5-phosphoribosyl)-5-[(5-phosphoribosylamino)methylideneamino]imidazole-4-carboxamide isomerase activity
GO:0008734	L-aspartate oxidase activity
GO:0034628	'de novo' NAD biosynthetic process from aspartate
GO:0044318	L-aspartate:fumarate oxidoreductase activity
GO:0001123	transcription initiation from bacterial-type RNA polymerase promoter
GO:0004072	aspartate kinase activity
GO:0045087	innate immune response
GO:0031224	intrinsic component of membrane
GO:0004735	pyrroline-5-carboxylate reductase activity
GO:0008987	quinolinate synthetase A activity
GO:0003994	aconitate hydratase activity
GO:0003730	mRNA 3'-UTR binding
GO:0019629	propionate catabolic process, 2-methylcitrate cycle
GO:0047456	2-methylisocitrate dehydratase activity
GO:0047780	citrate dehydratase activity
GO:0005951	carbamoyl-phosphate synthase complex
GO:0003973	(S)-2-hydroxy-acid oxidase activity
GO:0047545	2-hydroxyglutarate dehydrogenase activity
GO:0017057	6-phosphogluconolactonase activity
GO:0050530	glucosylglycerol 3-phosphatase activity
GO:0030979	alpha-glucan biosynthetic process
GO:0000015	phosphopyruvate hydratase complex
GO:0004634	phosphopyruvate hydratase activity
GO:0009986	cell surface
GO:0015746	citrate transport
GO:0015137	citrate transmembrane transporter activity
GO:0042326	negative regulation of phosphorylation
GO:0004712	protein serine/threonine/tyrosine kinase activity
GO:0009404	toxin metabolic process
GO:0010276	phytol kinase activity
GO:0033306	phytol metabolic process
GO:0050511	undecaprenyldiphospho-muramoylpentapeptide beta-N-acetylglucosaminyltransferase activity
GO:0051991	UDP-N-acetyl-D-glucosamine:N-acetylmuramoyl-L-alanyl-D-glutamyl-meso-2,6-diaminopimelyl-D-alanyl-D-alanine-diphosphoundecaprenol 4-beta-N-acetylglucosaminlytransferase activity
GO:0000967	rRNA 5'-end processing
GO:0046819	protein secretion by the type V secretion system
GO:0098046	type V protein secretion system complex
GO:0008837	diaminopimelate epimerase activity
GO:0007047	GO:0007047
GO:0004160	dihydroxy-acid dehydratase activity
GO:1990481	mRNA pseudouridine synthesis
GO:0050308	sugar-phosphatase activity
GO:0008878	glucose-1-phosphate adenylyltransferase activity
GO:0006040	amino sugar metabolic process
GO:0097175	1,6-anhydro-N-acetyl-beta-muramic acid catabolic process
GO:0009658	chloroplast organization
GO:0032544	plastid translation
GO:0004309	exopolyphosphatase activity
GO:0008254	3'-nucleotidase activity
GO:0046050	UMP catabolic process
GO:0006481	C-terminal protein methylation
GO:0004671	protein C-terminal S-isoprenylcysteine carboxyl O-methyltransferase activity
GO:0004792	thiosulfate sulfurtransferase activity
GO:0004055	argininosuccinate synthase activity
GO:0000050	urea cycle
GO:0000053	argininosuccinate metabolic process
GO:0034028	5-(carboxyamino)imidazole ribonucleotide synthase activity
GO:0009186	deoxyribonucleoside diphosphate metabolic process
GO:0008804	carbamate kinase activity
GO:0019546	arginine deiminase pathway
GO:0035975	carbamoyl phosphate catabolic process
GO:0019934	cGMP-mediated signaling
GO:0047555	3',5'-cyclic-GMP phosphodiesterase activity
GO:0006188	IMP biosynthetic process
GO:0003937	IMP cyclohydrolase activity
GO:0004643	phosphoribosylaminoimidazolecarboxamide formyltransferase activity
GO:0008713	ADP-heptose-lipopolysaccharide heptosyltransferase activity
GO:0004635	phosphoribosyl-AMP cyclohydrolase activity
GO:0004636	phosphoribosyl-ATP diphosphatase activity
GO:0008146	sulfotransferase activity
GO:0001517	N-acetylglucosamine 6-O-sulfotransferase activity
GO:0008076	voltage-gated potassium channel complex
GO:0005242	inward rectifier potassium channel activity
GO:0005249	voltage-gated potassium channel activity
GO:1990573	potassium ion import across plasma membrane
GO:1901605	alpha-amino acid metabolic process
GO:0046087	cytidine metabolic process
GO:0004126	cytidine deaminase activity
GO:0009972	cytidine deamination
GO:0072344	rescue of stalled ribosome
GO:0035511	oxidative DNA demethylation
GO:0043734	DNA-N1-methyladenine dioxygenase activity
GO:0051747	cytosine C-5 DNA demethylase activity
GO:0006304	DNA modification
GO:0008170	N-methyltransferase activity
GO:0045881	positive regulation of sporulation resulting in formation of a cellular spore
GO:0008825	cyclopropane-fatty-acyl-phospholipid synthase activity
GO:0018580	nitronate monooxygenase activity
GO:0008641	ubiquitin-like modifier activating enzyme activity
GO:0009035	type I site-specific deoxyribonuclease activity
GO:0005727	extrachromosomal circular DNA
